시간,Current Thread 수,호출 건수,동시 사용자,ERROR 수,프로세스 CPU사용률 (%)
8/22/2017 00:00,147,3662,252,537,22.27
8/22/2017 00:01,128,3853,200,457,23.55
8/22/2017 00:02,100,4390,219,495,26.72
8/22/2017 00:03,85.63,4900,209,464,30.18
8/22/2017 00:04,68.33,3766,203,468,23.31
8/22/2017 00:05,85.69,3579,211,444,21.66
8/22/2017 00:06,103,4130,229,532,25.41
8/22/2017 00:07,99.09,4467,218,473,27.72
8/22/2017 00:08,95.03,4491,214,528,26.71
8/22/2017 00:09,104,4540,191,590,27.96
8/22/2017 00:10,121,3612,227,521,21.91
8/22/2017 00:11,115,3682,214,494,21.79
8/22/2017 00:12,121,3527,227,539,23.06
8/22/2017 00:13,102,4502,214,536,28.33
8/22/2017 00:14,108,4256,223,494,26.06
8/22/2017 00:15,116,3784,203,482,22.99
8/22/2017 00:16,84.33,3636,189,450,21.36
8/22/2017 00:17,79.11,3299,187,455,19.28
8/22/2017 00:18,76.66,3833,189,473,22.31
8/22/2017 00:19,79.69,3076,205,451,18.21
8/22/2017 00:20,113,3005,208,480,18.16
8/22/2017 00:21,105,3227,190,463,20.26
8/22/2017 00:22,90.48,3475,196,488,22.43
8/22/2017 00:23,91.38,3314,190,454,19.89
8/22/2017 00:24,87,3227,215,503,20
8/22/2017 00:25,85.66,3179,201,424,19.14
8/22/2017 00:26,108,4383,201,431,26.91
8/22/2017 00:27,95.16,3483,184,441,21.69
8/22/2017 00:28,98.33,3944,178,421,23.04
8/22/2017 00:29,100,4217,199,454,24.88
8/22/2017 00:30,125,3959,180,473,22.95
8/22/2017 00:31,100,3848,190,462,22.12
8/22/2017 00:32,84,3789,194,429,21.47
8/22/2017 00:33,84.15,4010,202,406,23.67
8/22/2017 00:34,85,4186,179,337,22.92
8/22/2017 00:35,122,3682,192,369,21.04
8/22/2017 00:36,85.46,3796,181,384,22.57
8/22/2017 00:37,77.15,3879,204,376,22.4
8/22/2017 00:38,69.16,3503,183,429,20.37
8/22/2017 00:39,78.94,3457,187,470,21.82
8/22/2017 00:40,127,3125,166,358,19.28
8/22/2017 00:41,141,3556,179,417,21.76
8/22/2017 00:42,113,3926,199,445,24.26
8/22/2017 00:43,102,3956,180,483,24.17
8/22/2017 00:44,105,4402,173,457,26.3
8/22/2017 00:45,91.59,4199,174,469,24.67
8/22/2017 00:46,98.3,4047,185,490,24.54
8/22/2017 00:47,99.93,3561,178,445,21.92
8/22/2017 00:48,179,3181,180,399,19.23
8/22/2017 00:49,167,3196,147,412,20.65
8/22/2017 00:50,149,3307,156,432,19.67
8/22/2017 00:51,116,3639,152,463,22.26
8/22/2017 00:52,77.59,3296,160,408,18.68
8/22/2017 00:53,100,4157,180,419,24.15
8/22/2017 00:54,102,3925,154,454,23.42
8/22/2017 00:55,106,4013,165,411,22.81
8/22/2017 00:56,88.06,4177,176,409,25.26
8/22/2017 00:57,81.56,4071,165,447,25.88
8/22/2017 00:58,73.81,3895,159,310,23.52
8/22/2017 00:59,57.59,4113,151,380,23.35
8/22/2017 01:00,112,3852,160,425,24.57
8/22/2017 01:01,98,4011,157,376,24.84
8/22/2017 01:02,71.15,3444,144,400,20.92
8/22/2017 01:03,70.48,3136,127,381,19.19
8/22/2017 01:04,56.27,3562,165,388,20.64
8/22/2017 01:05,61.71,3152,152,406,18.87
8/22/2017 01:06,63.93,3031,140,408,19.79
8/22/2017 01:07,60.16,2736,143,340,16.63
8/22/2017 01:08,65.9,2562,150,320,15.34
8/22/2017 01:09,61.06,2520,147,407,16.7
8/22/2017 01:10,105,2463,153,379,16.13
8/22/2017 01:11,87,2636,136,405,17.39
8/22/2017 01:12,63.29,2745,149,406,17.73
8/22/2017 01:13,70.9,2747,127,347,16.23
8/22/2017 01:14,63.09,3146,119,293,16.92
8/22/2017 01:15,67.95,3358,136,327,19.55
8/22/2017 01:16,63.76,2847,129,355,17.12
8/22/2017 01:17,60.23,2877,141,305,15.95
8/22/2017 01:18,65.8,2601,149,330,14.94
8/22/2017 01:19,58.75,2503,131,314,13.97
8/22/2017 01:20,79.58,2367,135,309,14.5
8/22/2017 01:21,71.83,2127,145,334,13.9
8/22/2017 01:22,58.5,2225,140,289,12.87
8/22/2017 01:23,59.66,2295,139,306,12.6
8/22/2017 01:24,62.08,2277,149,254,14.34
8/22/2017 01:25,54.25,2407,131,314,13.67
8/22/2017 01:26,62.58,2329,111,255,13.06
8/22/2017 01:27,50.08,2196,121,246,13.1
8/22/2017 01:28,49.91,2187,116,300,13.65
8/22/2017 01:29,60.08,2485,142,280,14.64
8/22/2017 01:30,67.33,2135,136,232,12.25
8/22/2017 01:31,64.83,2272,127,277,13.22
8/22/2017 01:32,51.25,2357,122,269,13.84
8/22/2017 01:33,51.54,2840,115,277,15.69
8/22/2017 01:34,53.13,2442,104,272,14.21
8/22/2017 01:35,54.63,2796,106,291,16.23
8/22/2017 01:36,46.4,2916,130,279,16.82
8/22/2017 01:37,58.9,2411,124,254,13.83
8/22/2017 01:38,62.46,2194,123,262,13.4
8/22/2017 01:39,67,2156,132,299,13.97
8/22/2017 01:40,66.03,1968,97.47,312,12.72
8/22/2017 01:41,65.76,2024,129,290,13.16
8/22/2017 01:42,48.73,2028,115,299,12.86
8/22/2017 01:43,44.26,2205,129,350,13.84
8/22/2017 01:44,63.9,2351,106,312,14.5
8/22/2017 01:45,55.33,2489,121,301,14.31
8/22/2017 01:46,55.29,2528,115,281,13.8
8/22/2017 01:47,62.53,2725,105,274,15.77
8/22/2017 01:48,44.08,2011,93.59,239,11.59
8/22/2017 01:49,48.65,1857,79.61,213,10.35
8/22/2017 01:50,50.53,1854,96.85,245,10.08
8/22/2017 01:51,49.53,2189,102,210,11.49
8/22/2017 01:52,42.21,2076,84.58,204,11.74
8/22/2017 01:53,42.16,2302,85.82,215,11.8
8/22/2017 01:54,45.33,2122,80.44,248,11.71
8/22/2017 01:55,49.48,2019,92.54,279,11.46
8/22/2017 01:56,54.33,1874,101,266,10.67
8/22/2017 01:57,54.25,2141,100,288,12.15
8/22/2017 01:58,62.91,1823,74.39,239,11.27
8/22/2017 01:59,43.58,1692,104,219,10.51
8/22/2017 02:00,73.95,1747,101,252,9.92
8/22/2017 02:01,59.56,1857,105,275,12.53
8/22/2017 02:02,47.36,1668,98.72,198,9.56
8/22/2017 02:03,45.88,1669,95.24,219,10.08
8/22/2017 02:04,44.73,1565,101,234,8.91
8/22/2017 02:05,36.46,1652,88.76,236,10.05
8/22/2017 02:06,45.53,1642,86.16,236,9.5
8/22/2017 02:07,44.36,2012,86.56,236,11.61
8/22/2017 02:08,49.9,1926,102,273,11.04
8/22/2017 02:09,43.36,1929,89.67,297,11.44
8/22/2017 02:10,72.93,1972,108,250,11.16
8/22/2017 02:11,53.83,2002,83.66,320,12.77
8/22/2017 02:12,55.79,2098,92.58,315,13.31
8/22/2017 02:13,48.73,2184,86.44,271,12.82
8/22/2017 02:14,39.46,1934,75.47,233,11.02
8/22/2017 02:15,36.86,2011,86.98,260,12.12
8/22/2017 02:16,52.29,2143,90.28,227,12.85
8/22/2017 02:17,54.2,1958,114,253,11.86
8/22/2017 02:18,48.79,1967,91.28,245,11.21
8/22/2017 02:19,46.96,1981,106,233,10.72
8/22/2017 02:20,66.58,1807,110,255,11.25
8/22/2017 02:21,41.34,1966,83.22,290,12.29
8/22/2017 02:22,37.47,1783,100,346,12.62
8/22/2017 02:23,37.4,1730,132,303,10.54
8/22/2017 02:24,42.13,1912,118,257,11.49
8/22/2017 02:25,34.01,1701,84.69,246,9.73
8/22/2017 02:26,31.53,2021,89.09,268,11.07
8/22/2017 02:27,34.61,2605,85.38,223,14.14
8/22/2017 02:28,34.81,2317,93.48,282,13.47
8/22/2017 02:29,46.16,2612,104,221,13.41
8/22/2017 02:30,72.84,2535,86.82,263,14
8/22/2017 02:31,54.38,2894,92.16,245,15.62
8/22/2017 02:32,49.58,3104,102,252,17.38
8/22/2017 02:33,45.31,2638,77.78,261,15.06
8/22/2017 02:34,41.38,2086,89.95,237,12.23
8/22/2017 02:35,40.29,2327,70.76,267,12.85
8/22/2017 02:36,49.34,2296,83.16,288,13.51
8/22/2017 02:37,34.63,2158,86.34,262,11.82
8/22/2017 02:38,38.72,2146,86.09,281,12.52
8/22/2017 02:39,35.33,2248,82.7,274,13.17
8/22/2017 02:40,63.66,2502,75.2,290,13.95
8/22/2017 02:41,41.16,2368,87.62,317,13.92
8/22/2017 02:42,35.33,2030,96.32,308,11.5
8/22/2017 02:43,39.15,2302,90.72,274,13.14
8/22/2017 02:44,42.33,2276,72.18,242,13.62
8/22/2017 02:45,40.33,2065,64.61,241,12.51
8/22/2017 02:46,37,1966,71.34,275,12.52
8/22/2017 02:47,33.33,1726,63.14,278,10.3
8/22/2017 02:48,46.16,1709,89.65,283,10.6
8/22/2017 02:49,52,1626,97.03,234,10.27
8/22/2017 02:50,50.5,1800,52.08,184,10.75
8/22/2017 02:51,35.65,2118,64.05,220,12.57
8/22/2017 02:52,33,2311,77.03,228,12.74
8/22/2017 02:53,39.33,2031,64.72,204,11.41
8/22/2017 02:54,29.75,1601,54.01,244,10.15
8/22/2017 02:55,34.93,1262,62.3,205,7.87
8/22/2017 02:56,53.98,1614,63.88,219,9.25
8/22/2017 02:57,76.31,1633,63.24,238,10.41
8/22/2017 02:58,45.16,1610,82.5,179,9.23
8/22/2017 02:59,44.13,1465,77.13,203,8.43
8/22/2017 03:00,51.09,1363,107,225,6.49
8/22/2017 03:01,36.06,1499,77.84,233,6.73
8/22/2017 03:02,38.45,1323,67.62,196,8.06
8/22/2017 03:03,25.64,1209,88.67,216,7.84
8/22/2017 03:04,33.63,1309,70.67,205,8.02
8/22/2017 03:05,37.25,1491,65.48,212,9.01
8/22/2017 03:06,31.41,1474,73.93,207,9.44
8/22/2017 03:07,31.64,1646,71.63,220,9.91
8/22/2017 03:08,37.04,1360,59.53,218,8.14
8/22/2017 03:09,41.23,1231,69.38,259,9.14
8/22/2017 03:10,42.31,1193,60.45,192,7.74
8/22/2017 03:11,37.45,1371,83.57,161,7.84
8/22/2017 03:12,32.54,1383,85.71,248,9.05
8/22/2017 03:13,38.09,1472,80.23,235,8.78
8/22/2017 03:14,43.13,1648,83.95,192,9.58
8/22/2017 03:15,33.63,1415,57.87,175,8.1
8/22/2017 03:16,37.86,1630,87.2,200,8.93
8/22/2017 03:17,28.13,1342,70.93,156,7.52
8/22/2017 03:18,31.23,1371,72.31,223,8.59
8/22/2017 03:19,30.29,1311,74.7,219,8.22
8/22/2017 03:20,41.63,1415,89.15,225,8.67
8/22/2017 03:21,35.22,1491,72.05,242,9.33
8/22/2017 03:22,31.96,1512,52.17,208,8.89
8/22/2017 03:23,34.96,1579,67,222,9.02
8/22/2017 03:24,34.56,1526,80.98,242,9.05
8/22/2017 03:25,32.36,1328,44.41,207,8.42
8/22/2017 03:26,32.2,1314,58.37,215,8.3
8/22/2017 03:27,45,1486,53.37,228,7.48
8/22/2017 03:28,31.5,1240,57.3,196,7.06
8/22/2017 03:29,32.4,1292,60.96,221,7.72
8/22/2017 03:30,39.93,1405,58.01,190,8.33
8/22/2017 03:31,29.89,1323,66.61,190,8.02
8/22/2017 03:32,45,1473,61.29,185,8.02
8/22/2017 03:33,70.31,1346,63.66,227,9.64
8/22/2017 03:34,34.95,1469,79.98,234,9.31
8/22/2017 03:35,34.97,1521,76.76,228,9.36
8/22/2017 03:36,34.15,1503,57.41,214,8.92
8/22/2017 03:37,32.95,1630,65.13,216,9.25
8/22/2017 03:38,37.34,1440,61.12,221,8.94
8/22/2017 03:39,42.53,1590,68.15,274,9.98
8/22/2017 03:40,75.3,1436,84.8,258,8.74
8/22/2017 03:41,46.7,1389,64.7,229,8.85
8/22/2017 03:42,38.97,1468,53.98,239,8.84
8/22/2017 03:43,28.08,1273,50.14,218,8
8/22/2017 03:44,30.98,1200,77.52,232,7.73
8/22/2017 03:45,30.63,1368,62.04,235,8.91
8/22/2017 03:46,26.54,1225,48.35,181,7.31
8/22/2017 03:47,28.01,1377,61.13,265,8.76
8/22/2017 03:48,39,1280,56.71,229,8.3
8/22/2017 03:49,33.11,1389,64.88,228,8.76
8/22/2017 03:50,33.86,1196,48.91,220,7.51
8/22/2017 03:51,22.5,1364,37.63,175,8.14
8/22/2017 03:52,21.79,1167,42.63,177,7.77
8/22/2017 03:53,27.63,998,44.98,133,5.92
8/22/2017 03:54,27.56,1016,45.5,114,6.12
8/22/2017 03:55,30.5,1276,37.56,198,7.25
8/22/2017 03:56,35.43,1395,49.41,168,7.85
8/22/2017 03:57,26.96,1227,58.66,239,7.91
8/22/2017 03:58,26.76,1161,69.8,230,7.06
8/22/2017 03:59,32.56,1281,51.87,216,8.24
8/22/2017 04:00,29.2,972,46.35,164,6.54
8/22/2017 04:01,30.16,1191,43.41,232,8.05
8/22/2017 04:02,31.6,1125,44.24,211,7.66
8/22/2017 04:03,24.03,1134,36.29,217,7.83
8/22/2017 04:04,27.1,1044,51.16,193,6.52
8/22/2017 04:05,31.03,1092,54.13,198,6.75
8/22/2017 04:06,28.93,1075,29.44,195,7.11
8/22/2017 04:07,26.66,1106,31.9,182,7.17
8/22/2017 04:08,23.13,1106,42.24,199,6.98
8/22/2017 04:09,24.03,1003,38.27,175,7.26
8/22/2017 04:10,48.29,1087,50.56,180,6.73
8/22/2017 04:11,34.9,1084,37.18,155,7.14
8/22/2017 04:12,26.91,1202,37.79,163,7.38
8/22/2017 04:13,20.25,1236,29.43,192,7.55
8/22/2017 04:14,19.82,1199,40.42,169,6.96
8/22/2017 04:15,26.75,1348,28.09,173,8.47
8/22/2017 04:16,22.16,1653,35,153,9.05
8/22/2017 04:17,27.25,1539,29.46,186,8.8
8/22/2017 04:18,29.16,1646,37.19,174,9.39
8/22/2017 04:19,33.15,1608,52.27,184,9.31
8/22/2017 04:20,52.58,1463,43.98,164,8.86
8/22/2017 04:21,31.16,1303,46.11,185,8.67
8/22/2017 04:22,22.5,1394,44.57,205,8.13
8/22/2017 04:23,23.58,1404,37.13,185,7.89
8/22/2017 04:24,34.58,1328,40.89,226,8.43
8/22/2017 04:25,34,1402,44.87,202,9.35
8/22/2017 04:26,27.75,1234,48.56,187,7.36
8/22/2017 04:27,27.25,1320,38.29,171,7.69
8/22/2017 04:28,22.41,1240,30.34,187,7.61
8/22/2017 04:29,26.08,1394,45.5,167,7.69
8/22/2017 04:30,47.66,1164,43.13,200,7.53
8/22/2017 04:31,28,1130,40.52,223,7.97
8/22/2017 04:32,25.58,1153,39.25,207,6.71
8/22/2017 04:33,27.08,1114,41.08,162,7.01
8/22/2017 04:34,22.13,1195,50.11,185,7.53
8/22/2017 04:35,24.43,1180,46.2,191,7.41
8/22/2017 04:36,34.46,1490,66.3,211,8.92
8/22/2017 04:37,29,1555,58.14,279,10.17
8/22/2017 04:38,26.53,1522,49.44,203,8.71
8/22/2017 04:39,30.63,1451,46.15,201,8.69
8/22/2017 04:40,52.09,1377,62.17,208,8.61
8/22/2017 04:41,34,1441,42.8,198,8.73
8/22/2017 04:42,30.23,1316,39.51,181,8.11
8/22/2017 04:43,28.36,1167,60.21,197,7.08
8/22/2017 04:44,23.39,1103,40.35,191,7.15
8/22/2017 04:45,24.66,1225,50.91,198,8.06
8/22/2017 04:46,36.9,1232,53.96,255,8.07
8/22/2017 04:47,32.93,1312,67.62,218,7.86
8/22/2017 04:48,23.06,1337,41.64,226,8.59
8/22/2017 04:49,25.79,1327,35.07,237,8.06
8/22/2017 04:50,42.43,1162,54.95,192,7.02
8/22/2017 04:51,30.6,1211,43.88,238,8.61
8/22/2017 04:52,32.53,1171,35.9,215,7.37
8/22/2017 04:53,30.66,1350,28.12,259,8.86
8/22/2017 04:54,31.83,1283,35,222,8.34
8/22/2017 04:55,22.76,1205,46.27,150,6.91
8/22/2017 04:56,23.54,1237,46.23,191,7.62
8/22/2017 04:57,24.13,1174,41.13,174,7.53
8/22/2017 04:58,24.48,1132,28.65,168,6.81
8/22/2017 04:59,21.36,1095,29.03,205,7.41
8/22/2017 05:00,47.41,1060,38.72,159,6.83
8/22/2017 05:01,37.08,1071,33.06,175,6.89
8/22/2017 05:02,23.66,1139,27.04,196,7.1
8/22/2017 05:03,25.79,1042,26.04,176,7.25
8/22/2017 05:04,25.18,1061,30.22,166,6.26
8/22/2017 05:05,25.85,1570,30.27,172,8.84
8/22/2017 05:06,32.84,1757,26.66,192,10.32
8/22/2017 05:07,26.95,1696,22.46,173,9.81
8/22/2017 05:08,33.71,1755,26.42,161,9.64
8/22/2017 05:09,24.63,1681,29.17,151,9.86
8/22/2017 05:10,28.63,1732,51.84,187,9.9
8/22/2017 05:11,27,1661,47.66,139,9.4
8/22/2017 05:12,28.83,1692,36.95,159,10.09
8/22/2017 05:13,24.93,1672,30.26,161,9.31
8/22/2017 05:14,25.2,1667,33.02,172,9.49
8/22/2017 05:15,28.54,1734,48.26,174,10.02
8/22/2017 05:16,26.28,1909,53.06,203,11
8/22/2017 05:17,26.43,1760,42.64,195,10.19
8/22/2017 05:18,26.06,1620,49,240,9.76
8/22/2017 05:19,28.86,1879,40.45,237,10.94
8/22/2017 05:20,36.9,1630,46,216,9.65
8/22/2017 05:21,27.79,1293,54.71,230,8.66
8/22/2017 05:22,33.86,1232,41.41,229,7.29
8/22/2017 05:23,23.63,1172,40.18,229,7.06
8/22/2017 05:24,24,1027,43.44,196,7.11
8/22/2017 05:25,29.49,1216,58.36,239,7.77
8/22/2017 05:26,30.33,1741,54.16,213,10.09
8/22/2017 05:27,26.1,1643,43.48,202,10.02
8/22/2017 05:28,25.06,1779,37.75,215,10.13
8/22/2017 05:29,22.39,1794,31.56,243,10.8
8/22/2017 05:30,33.93,1720,34,191,10.66
8/22/2017 05:31,22.93,1640,34.71,196,9.81
8/22/2017 05:32,30.39,1190,42.25,208,7.48
8/22/2017 05:33,22.79,1506,31.54,190,9.19
8/22/2017 05:34,22.2,1902,34.76,199,10.38
8/22/2017 05:35,24.26,1882,26.1,199,10.52
8/22/2017 05:36,24.1,1653,36.86,167,9.85
8/22/2017 05:37,21.33,1725,48.51,190,9.98
8/22/2017 05:38,24.7,1557,36.1,177,9.31
8/22/2017 05:39,19.05,1658,23.89,188,10.69
8/22/2017 05:40,44.79,1629,35.82,187,9.35
8/22/2017 05:41,26.53,1737,43.98,219,10.42
8/22/2017 05:42,26,1617,31.24,191,10.47
8/22/2017 05:43,24.36,1610,30.6,212,9.56
8/22/2017 05:44,32.11,1441,31.95,217,8.61
8/22/2017 05:45,34.01,1736,34.45,252,11.04
8/22/2017 05:46,29.16,1468,32.56,174,8.69
8/22/2017 05:47,32.56,1793,51.52,245,11.31
8/22/2017 05:48,37.9,1514,36.11,180,8.94
8/22/2017 05:49,31.01,1615,37.21,205,8.82
8/22/2017 05:50,52.81,1596,38.22,154,8.98
8/22/2017 05:51,31.45,1680,44.63,168,9.69
8/22/2017 05:52,30.31,1502,48.67,173,8.57
8/22/2017 05:53,20.26,1898,30.24,208,10.31
8/22/2017 05:54,20.43,1236,28.16,154,7.36
8/22/2017 05:55,27.35,1209,40.31,150,6.93
8/22/2017 05:56,27.96,1208,54.23,192,6.62
8/22/2017 05:57,30.63,1003,55.12,225,7.28
8/22/2017 05:58,27.96,917,43.36,169,6.08
8/22/2017 05:59,28,1130,58.67,185,7.05
8/22/2017 06:00,34.26,954,36.39,165,6.38
8/22/2017 06:01,18.89,1133,52.15,164,6.97
8/22/2017 06:02,20.6,1100,48.64,179,7
8/22/2017 06:03,24.01,957,38.2,182,6.73
8/22/2017 06:04,21.11,927,36.57,179,6.3
8/22/2017 06:05,25.66,1065,43.85,184,6.85
8/22/2017 06:06,25.5,909,37.9,178,6.24
8/22/2017 06:07,27.66,1031,45.42,166,6.69
8/22/2017 06:08,29.83,1047,51.61,177,7.17
8/22/2017 06:09,42.16,1022,46.27,200,6.88
8/22/2017 06:10,40.33,944,43.68,179,6.02
8/22/2017 06:11,26.33,874,38.54,162,5.65
8/22/2017 06:12,31,907,40.34,194,6.14
8/22/2017 06:13,21.5,815,43.55,162,5.42
8/22/2017 06:14,15.33,773,26.75,124,5.01
8/22/2017 06:15,21.66,836,26.81,183,6.31
8/22/2017 06:16,20.5,880,31.29,156,5.47
8/22/2017 06:17,20.83,838,33.36,149,5.71
8/22/2017 06:18,21.5,875,27.14,189,6.71
8/22/2017 06:19,22.83,972,38,171,6.16
8/22/2017 06:20,33.33,812,25.37,153,5.77
8/22/2017 06:21,25.16,892,40.04,172,5.9
8/22/2017 06:22,25.16,877,42.98,156,5.58
8/22/2017 06:23,19.66,1078,37.39,161,6.04
8/22/2017 06:24,19.82,979,25.74,183,6.54
8/22/2017 06:25,20.32,1010,39.14,157,5.93
8/22/2017 06:26,25.83,1046,50.06,192,6.91
8/22/2017 06:27,26.71,1015,39.24,167,6.54
8/22/2017 06:28,28.51,1111,40.67,193,6.8
8/22/2017 06:29,29.93,1210,39.14,180,7.41
8/22/2017 06:30,34.7,1083,41.84,187,7.17
8/22/2017 06:31,25.73,1108,43.79,200,7.47
8/22/2017 06:32,25.46,1193,56.39,168,6.69
8/22/2017 06:33,20.58,1067,58,168,7.04
8/22/2017 06:34,22.5,1064,42.22,171,6.31
8/22/2017 06:35,21.14,939,41.04,158,6.13
8/22/2017 06:36,26.81,1116,41.54,162,7.49
8/22/2017 06:37,28.29,979,110,100,6.1
8/22/2017 06:38,31.23,1192,55.17,143,7.92
8/22/2017 06:39,26.36,1152,35.13,136,7.83
8/22/2017 06:40,43.73,1067,52.47,143,6.82
8/22/2017 06:41,25.58,1049,41.61,151,6.85
8/22/2017 06:42,27.54,1208,48.41,142,8.11
8/22/2017 06:43,25.71,1380,42.57,172,8.3
8/22/2017 06:44,25.53,1251,49.31,125,7.64
8/22/2017 06:45,28.14,1179,45.22,138,7.49
8/22/2017 06:46,27.83,1255,40.78,149,7.77
8/22/2017 06:47,23.98,1197,34.95,131,7.52
8/22/2017 06:48,24.23,1263,49.98,145,7.71
8/22/2017 06:49,25.29,1112,41.6,131,6.99
8/22/2017 06:50,26.46,1118,44.35,145,6.97
8/22/2017 06:51,24.53,1073,42.94,168,7.49
8/22/2017 06:52,20.63,1166,45.46,165,7.17
8/22/2017 06:53,25.46,1129,44.03,126,7.44
8/22/2017 06:54,20.36,1157,28.97,92,7.1
8/22/2017 06:55,20.05,1322,24.48,72,7.43
8/22/2017 06:56,23.63,1279,38.49,124,7.84
8/22/2017 06:57,22.76,1041,50.79,74,6.14
8/22/2017 06:58,26.16,1104,36.26,95,6.29
8/22/2017 06:59,24.53,1105,44.37,111,6.58
8/22/2017 07:00,29.96,1083,47.22,111,6.97
8/22/2017 07:01,32.4,1061,43.01,153,7.27
8/22/2017 07:02,25.79,1182,56.41,132,7.22
8/22/2017 07:03,22.89,993,50.63,116,6.45
8/22/2017 07:04,22.76,1004,45.89,176,6.81
8/22/2017 07:05,30.13,954,56.15,201,7.35
8/22/2017 07:06,31.73,1235,47.7,143,7.74
8/22/2017 07:07,20.6,1225,37.53,141,7.65
8/22/2017 07:08,21.96,1383,49.99,161,8.56
8/22/2017 07:09,21.36,1764,42.07,149,10.39
8/22/2017 07:10,34.2,1378,45.72,151,7.92
8/22/2017 07:11,27.98,1540,37.65,123,8.59
8/22/2017 07:12,26.03,1458,36.2,121,8.53
8/22/2017 07:13,26.83,1364,58.84,142,8.99
8/22/2017 07:14,24.91,934,34.14,130,6.1
8/22/2017 07:15,23.96,1388,41.45,150,8.55
8/22/2017 07:16,23.03,1434,53.57,179,8.21
8/22/2017 07:17,21.85,1571,55.66,121,8.78
8/22/2017 07:18,26.35,1611,45.33,181,9.43
8/22/2017 07:19,29.75,1766,53.21,178,10.31
8/22/2017 07:20,39.71,2002,53.1,175,11.28
8/22/2017 07:21,30.63,1868,54.44,173,10.92
8/22/2017 07:22,30.03,1857,53.71,227,11.41
8/22/2017 07:23,23.91,2164,64.48,225,12.46
8/22/2017 07:24,25.79,1901,46.37,203,11.21
8/22/2017 07:25,29,1897,52.97,223,11.82
8/22/2017 07:26,29.23,1925,62.98,186,11.03
8/22/2017 07:27,32.61,1451,47.27,220,9.75
8/22/2017 07:28,35.63,1751,65.84,258,10.8
8/22/2017 07:29,32.11,1376,62.2,228,9.08
8/22/2017 07:30,50.93,1327,63.15,214,8.76
8/22/2017 07:31,33.79,1296,51.47,206,8.53
8/22/2017 07:32,32.83,1346,55.05,205,7.93
8/22/2017 07:33,36.93,1257,64.34,203,8.17
8/22/2017 07:34,30.89,1347,49.58,194,8.39
8/22/2017 07:35,31.23,1352,39.97,141,7.8
8/22/2017 07:36,34.46,1695,50,200,10.55
8/22/2017 07:37,29.03,1278,48.97,162,8.63
8/22/2017 07:38,25.33,1328,58.4,173,8.4
8/22/2017 07:39,29.89,1629,60.28,252,10.67
8/22/2017 07:40,29.1,1259,55.91,177,7.49
8/22/2017 07:41,26.39,1194,58.8,204,8.09
8/22/2017 07:42,29.73,1406,56.38,187,8.55
8/22/2017 07:43,35.06,1392,60.73,182,8.77
8/22/2017 07:44,29.46,1355,50.76,196,8.6
8/22/2017 07:45,34.86,1370,68.54,202,8.93
8/22/2017 07:46,31.52,1473,43.59,189,8.65
8/22/2017 07:47,22.89,1594,40.03,241,9.88
8/22/2017 07:48,22.93,1451,47.92,159,8.28
8/22/2017 07:49,28.76,1473,53.22,166,8.6
8/22/2017 07:50,35.65,1335,43.09,155,7.75
8/22/2017 07:51,24.64,1467,46.5,110,10.23
8/22/2017 07:52,35.65,3064,52.59,156,16.34
8/22/2017 07:53,31.56,2590,43.95,117,15.15
8/22/2017 07:54,26.5,1184,51.4,137,7.62
8/22/2017 07:55,29.53,1626,55.7,180,9.68
8/22/2017 07:56,27.96,1495,45.44,174,8.46
8/22/2017 07:57,30.08,1429,61.32,222,9.17
8/22/2017 07:58,36,3003,47.63,248,18.1
8/22/2017 07:59,49.08,1398,47.75,229,8.91
8/22/2017 08:00,36.83,1340,60.98,229,9.74
8/22/2017 08:01,32.15,1419,81.16,242,9.86
8/22/2017 08:02,37,1626,57.81,259,10.49
8/22/2017 08:03,33.15,1519,50.22,225,10.22
8/22/2017 08:04,45.83,1423,69.59,284,10.1
8/22/2017 08:05,43.16,1766,70.73,213,11.33
8/22/2017 08:06,32.15,2043,75.39,229,12.75
8/22/2017 08:07,39.83,2156,67.93,276,13.97
8/22/2017 08:08,27.16,1613,48.12,226,10.75
8/22/2017 08:09,36.65,1596,56.04,261,10.5
8/22/2017 08:10,59.66,1420,50.2,185,8.28
8/22/2017 08:11,50.5,1632,60.14,212,10.17
8/22/2017 08:12,36.77,1577,46.27,200,10.19
8/22/2017 08:13,36.83,1870,73.73,235,11.67
8/22/2017 08:14,29.25,1789,55.99,238,11.24
8/22/2017 08:15,31.41,1696,60.21,211,10.37
8/22/2017 08:16,39.08,1454,61.65,206,9.47
8/22/2017 08:17,41.34,1354,65.72,241,8.92
8/22/2017 08:18,46.63,1584,82.73,271,10.11
8/22/2017 08:19,38.4,1805,64.84,201,10.68
8/22/2017 08:20,62.33,2194,82.72,239,13.23
8/22/2017 08:21,45.5,2186,57.33,218,13.27
8/22/2017 08:22,37.9,2040,78.7,195,11.93
8/22/2017 08:23,41.03,2172,75.48,186,12.78
8/22/2017 08:24,29.7,2210,44.98,171,12.81
8/22/2017 08:25,35.56,2099,54.63,201,12.04
8/22/2017 08:26,40.76,2219,65.02,171,12.31
8/22/2017 08:27,45.36,1899,59.77,144,10.6
8/22/2017 08:28,41.33,1870,63.48,176,11.35
8/22/2017 08:29,30.03,1971,65.7,176,11.85
8/22/2017 08:30,48.53,1647,76.2,196,10.51
8/22/2017 08:31,37.15,1649,51.12,174,10.09
8/22/2017 08:32,31.46,1787,77.4,192,10.97
8/22/2017 08:33,35.29,1956,56.61,198,12.46
8/22/2017 08:34,38.09,1515,64.81,204,9.86
8/22/2017 08:35,36.7,1712,60.1,187,10.41
8/22/2017 08:36,38.65,1767,60.13,132,10.19
8/22/2017 08:37,32.36,1816,53.04,150,10.61
8/22/2017 08:38,36.43,1711,66.94,127,10
8/22/2017 08:39,37.29,1886,59.26,151,10.33
8/22/2017 08:40,75.9,1777,70.06,178,10.56
8/22/2017 08:41,59.75,1916,57.79,189,11.31
8/22/2017 08:42,43.79,1633,74.48,154,10.27
8/22/2017 08:43,50.68,2129,96.31,239,13.05
8/22/2017 08:44,38.75,1458,58.23,214,9.17
8/22/2017 08:45,48.78,1345,74.41,175,9.16
8/22/2017 08:46,28.23,1572,77.59,157,10.18
8/22/2017 08:47,35.4,1638,70.27,167,10
8/22/2017 08:48,38.97,1611,68.48,197,10.42
8/22/2017 08:49,35.78,1799,73.44,181,10.91
8/22/2017 08:50,57.15,1787,55.24,158,10.81
8/22/2017 08:51,47.7,1752,67.66,175,11.2
8/22/2017 08:52,51.43,1737,74.55,181,11.39
8/22/2017 08:53,34.25,1694,61.05,176,11.1
8/22/2017 08:54,37.65,1566,60.22,174,9.74
8/22/2017 08:55,41.71,1534,56.61,180,9.01
8/22/2017 08:56,40.46,1825,61.54,172,10.92
8/22/2017 08:57,35.65,2075,68.98,218,12.85
8/22/2017 08:58,44.76,2316,64.9,218,13.17
8/22/2017 08:59,43.23,2278,84.32,229,13.3
8/22/2017 09:00,71.19,2002,69.97,193,11.95
8/22/2017 09:01,46.26,1956,69.2,204,11.68
8/22/2017 09:02,35.46,1550,70.53,204,9.69
8/22/2017 09:03,43.56,1714,57.34,234,11.47
8/22/2017 09:04,47.33,1788,72.81,205,10.44
8/22/2017 09:05,42.23,1810,81.09,216,10.88
8/22/2017 09:06,51.2,1622,69.47,235,10.48
8/22/2017 09:07,48.13,1468,61.5,217,9.59
8/22/2017 09:08,42.03,1511,63.33,208,9.06
8/22/2017 09:09,33.59,1543,63.49,185,9.72
8/22/2017 09:10,42.96,1529,62.4,155,8.94
8/22/2017 09:11,31.43,1835,45.18,176,10.06
8/22/2017 09:12,41.71,1796,62.42,182,11.29
8/22/2017 09:13,43.25,1965,64.52,231,11.16
8/22/2017 09:14,37.11,2114,59.49,181,13.13
8/22/2017 09:15,49.5,1893,67.11,224,11.37
8/22/2017 09:16,56.73,1694,65.18,190,10.16
8/22/2017 09:17,48.18,1582,80.64,193,9.85
8/22/2017 09:18,43.66,1672,73.81,264,10.14
8/22/2017 09:19,40.26,1291,62.35,202,8.78
8/22/2017 09:20,47.81,1365,69.48,199,9.3
8/22/2017 09:21,49.29,1707,94.6,248,10.82
8/22/2017 09:22,53.26,1489,76.09,224,9.28
8/22/2017 09:23,42.11,1343,75.17,207,8.75
8/22/2017 09:24,37.38,1325,69.34,275,9.27
8/22/2017 09:25,38.95,1238,90.03,238,8.69
8/22/2017 09:26,37.47,1337,70.04,184,9.06
8/22/2017 09:27,35.97,1401,83.66,212,8.86
8/22/2017 09:28,43.01,1423,70.92,192,8.94
8/22/2017 09:29,50.76,1346,66.9,241,8.13
8/22/2017 09:30,59.7,1518,93.56,235,9.82
8/22/2017 09:31,46.66,1338,54.63,236,9.23
8/22/2017 09:32,41.83,1445,62.95,217,9.23
8/22/2017 09:33,39,1102,77.84,215,8.11
8/22/2017 09:34,51.83,1318,96.92,272,9.16
8/22/2017 09:35,41.33,1360,79.92,194,8.23
8/22/2017 09:36,37.5,1428,62.82,206,9.38
8/22/2017 09:37,48.66,1524,90.77,255,9.44
8/22/2017 09:38,48.83,1514,83.6,235,9.43
8/22/2017 09:39,47.66,1362,66.67,231,8.97
8/22/2017 09:40,54.5,1153,111,214,7.74
8/22/2017 09:41,43.66,1590,86.89,153,9.22
8/22/2017 09:42,44.33,1607,76.4,218,10.81
8/22/2017 09:43,33.33,1513,74.66,202,9.57
8/22/2017 09:44,43.16,1728,97.69,190,9.57
8/22/2017 09:45,38.83,2403,62.44,217,14.17
8/22/2017 09:46,41.83,2686,73.08,172,14.46
8/22/2017 09:47,49.83,2737,71.51,222,15.48
8/22/2017 09:48,48.16,2586,70.06,171,13.97
8/22/2017 09:49,50.28,2168,73.22,185,12.45
8/22/2017 09:50,53.76,2049,78.84,138,11.55
8/22/2017 09:51,58.46,1884,79.84,170,10.84
8/22/2017 09:52,42.21,1924,67.59,171,10.85
8/22/2017 09:53,56.18,1971,75.8,187,11.11
8/22/2017 09:54,51.43,2160,62.39,134,12.4
8/22/2017 09:55,44.4,1771,59.38,145,10.09
8/22/2017 09:56,44.66,1949,60.22,175,10.57
8/22/2017 09:57,41.29,1891,67.81,175,10.39
8/22/2017 09:58,37.09,1709,55.74,166,9.32
8/22/2017 09:59,45.38,1948,60.73,224,11.01
8/22/2017 10:00,83.5,2077,79.77,326,13.02
8/22/2017 10:01,54.78,2047,90.97,300,13.28
8/22/2017 10:02,47,1774,86.85,236,11.21
8/22/2017 10:03,39.5,1981,81.04,191,12.07
8/22/2017 10:04,42.18,1771,93.42,234,10.98
8/22/2017 10:05,50.21,1865,89.16,186,9.52
8/22/2017 10:06,58.09,1865,88.43,200,11.1
8/22/2017 10:07,57.06,2186,97.51,212,11.86
8/22/2017 10:08,52.79,2041,81.15,216,11.8
8/22/2017 10:09,45.86,1616,92.71,234,11.23
8/22/2017 10:10,60.09,1581,85.82,200,9.8
8/22/2017 10:11,40.53,1876,98.42,232,11.62
8/22/2017 10:12,56.73,1774,106,237,10.73
8/22/2017 10:13,45.7,1758,90.11,250,11.6
8/22/2017 10:14,44.56,1911,84.75,216,11.81
8/22/2017 10:15,46,2254,93.65,210,13.02
8/22/2017 10:16,50.4,2459,76.51,232,14.51
8/22/2017 10:17,49.36,2379,77.7,234,13.95
8/22/2017 10:18,45.4,2413,91.41,280,14.96
8/22/2017 10:19,45.06,2194,79.93,228,13.21
8/22/2017 10:20,46.76,1940,83.62,242,11.55
8/22/2017 10:21,45.86,2134,76.15,203,12.82
8/22/2017 10:22,43.7,1809,80.72,200,11.26
8/22/2017 10:23,43.43,1727,75.56,231,10.36
8/22/2017 10:24,51.61,2100,87.6,261,12.62
8/22/2017 10:25,56.33,2170,81.34,211,11.9
8/22/2017 10:26,59.23,2035,100,206,11.37
8/22/2017 10:27,50.43,2004,90.74,232,12.5
8/22/2017 10:28,50.36,1855,109,227,10.57
8/22/2017 10:29,46.16,1747,90.66,231,9.66
8/22/2017 10:30,50.38,1926,98.15,223,11.25
8/22/2017 10:31,40.76,1747,77.53,232,10.5
8/22/2017 10:32,49.84,2005,87.78,220,11.37
8/22/2017 10:33,48.25,1942,104,238,12.37
8/22/2017 10:34,50.04,1800,95.95,225,11.03
8/22/2017 10:35,46.38,1712,99.39,261,11.14
8/22/2017 10:36,55.75,1760,88.22,222,10.4
8/22/2017 10:37,56.73,1796,102,229,10.67
8/22/2017 10:38,48.71,2220,100,222,12.91
8/22/2017 10:39,72.75,2338,87.32,259,14.99
8/22/2017 10:40,55.33,2297,88.33,270,14.26
8/22/2017 10:41,45.46,1808,94.97,233,11.37
8/22/2017 10:42,49,1584,110,202,9.96
8/22/2017 10:43,50.06,1957,106,227,11.37
8/22/2017 10:44,48.16,2071,119,242,12.44
8/22/2017 10:45,47.09,2158,97.93,260,12.57
8/22/2017 10:46,42,2034,96.1,225,11.8
8/22/2017 10:47,60.36,2210,97.34,246,11.85
8/22/2017 10:48,52.2,2132,91.54,251,12.93
8/22/2017 10:49,64.03,2612,74.19,218,14.33
8/22/2017 10:50,70.3,2743,88.87,304,16.39
8/22/2017 10:51,51.03,2608,96.27,260,15
8/22/2017 10:52,48,2663,82.29,246,14.82
8/22/2017 10:53,51.09,2638,115,304,15.45
8/22/2017 10:54,58.76,2655,101,252,15.2
8/22/2017 10:55,49.7,2266,95.58,228,12.88
8/22/2017 10:56,62.26,2102,109,255,13.61
8/22/2017 10:57,52.16,1977,121,279,12.31
8/22/2017 10:58,43.16,2050,98.35,210,11.6
8/22/2017 10:59,42.83,2315,83.02,228,13.53
8/22/2017 11:00,58.71,1979,95.42,213,12.26
8/22/2017 11:01,50.41,1984,75.51,210,10.84
8/22/2017 11:02,57.08,2045,98.21,224,12.23
8/22/2017 11:03,48.91,1862,94.05,232,10.55
8/22/2017 11:04,53.66,2361,114,233,13.43
8/22/2017 11:05,57.66,1981,82.49,242,11.4
8/22/2017 11:06,58.83,1846,93.72,248,11.87
8/22/2017 11:07,48.08,1634,95.03,274,11.16
8/22/2017 11:08,47.66,1572,82.48,214,9.18
8/22/2017 11:09,59.08,2320,95.06,267,13.87
8/22/2017 11:10,65.5,1823,85.13,225,11.08
8/22/2017 11:11,50.08,1649,107,231,10.21
8/22/2017 11:12,58.54,1630,120,220,9.56
8/22/2017 11:13,56.98,1546,84.09,239,10.11
8/22/2017 11:14,52.26,1693,100,246,10.67
8/22/2017 11:15,58.76,1535,117,258,10.83
8/22/2017 11:16,60.16,1913,105,270,11.87
8/22/2017 11:17,70.09,1586,91.93,260,11.21
8/22/2017 11:18,69.33,1598,114,274,11.81
8/22/2017 11:19,58.79,1585,108,252,11.32
8/22/2017 11:20,67,2284,96.62,242,14.28
8/22/2017 11:21,51.79,2140,107,287,13.46
8/22/2017 11:22,52.29,1903,91.22,240,11.35
8/22/2017 11:23,49.56,1605,98.82,227,9.01
8/22/2017 11:24,55.79,1802,97.25,324,12.02
8/22/2017 11:25,47.56,1848,95.89,233,11.42
8/22/2017 11:26,48.54,1867,84.97,283,11.13
8/22/2017 11:27,53.06,1809,110,255,10.91
8/22/2017 11:28,43.78,1736,72.93,204,10.36
8/22/2017 11:29,48.45,1533,103,255,9.57
8/22/2017 11:30,81.3,1552,113,271,9.94
8/22/2017 11:31,57.71,1576,92.38,230,10.19
8/22/2017 11:32,56.83,1399,104,233,8.8
8/22/2017 11:33,48.15,1193,97.1,228,8.59
8/22/2017 11:34,39.34,1464,103,203,9.08
8/22/2017 11:35,46.51,1489,97.55,229,9.17
8/22/2017 11:36,48.03,1626,88.43,272,10.86
8/22/2017 11:37,51.33,1527,91.5,229,8.93
8/22/2017 11:38,46.98,1761,101,252,10.47
8/22/2017 11:39,50.98,1240,106,251,8.82
8/22/2017 11:40,55.61,1335,110,259,8.72
8/22/2017 11:41,45.86,1527,102,259,9.56
8/22/2017 11:42,52.63,1497,92.48,247,10.08
8/22/2017 11:43,47.96,1402,82.83,253,9.31
8/22/2017 11:44,52.9,1597,114,301,9.57
8/22/2017 11:45,64.95,1659,103,275,11.51
8/22/2017 11:46,54.56,1436,99.36,250,9.35
8/22/2017 11:47,55.2,1177,95.83,223,7.47
8/22/2017 11:48,56.13,1244,111,229,8.36
8/22/2017 11:49,46.03,1154,88.86,180,7.77
8/22/2017 11:50,109,1832,140,638,15.38
8/22/2017 11:51,118,1624,105,246,10.18
8/22/2017 11:52,60.11,1320,76.23,202,8.44
8/22/2017 11:53,41.51,1288,79.08,180,8.23
8/22/2017 11:54,32.18,1563,85.31,241,10.37
8/22/2017 11:55,51.18,1658,92.85,263,10.82
8/22/2017 11:56,43.28,1813,100,271,11.62
8/22/2017 11:57,58.63,1953,68.81,221,11.74
8/22/2017 11:58,59.18,1787,76.09,250,10.98
8/22/2017 11:59,78.09,1781,85.53,218,11.51
8/22/2017 12:00,42.64,1609,100,184,10.19
8/22/2017 12:01,33.4,1672,66.02,169,9.71
8/22/2017 12:02,44.31,2108,77.81,221,12.2
8/22/2017 12:03,46.18,2417,81.73,191,13.69
8/22/2017 12:04,58.71,2551,94.79,246,13.76
8/22/2017 12:05,52.16,2335,79.16,194,13.35
8/22/2017 12:06,43.06,2396,97.15,202,13.45
8/22/2017 12:07,39.7,2244,87.47,216,12.58
8/22/2017 12:08,35.29,2261,86.53,186,12.99
8/22/2017 12:09,43,2283,84.87,216,13.82
8/22/2017 12:10,71.5,2364,91.29,190,13.68
8/22/2017 12:11,47,2550,99.46,209,14.46
8/22/2017 12:12,50.33,2252,106,191,13.48
8/22/2017 12:13,39.83,2136,81.78,178,12.04
8/22/2017 12:14,40.15,2034,117,212,11.26
8/22/2017 12:15,57.66,2407,94.29,196,13.73
8/22/2017 12:16,47.33,2080,80.89,173,11.85
8/22/2017 12:17,44.66,1961,95.95,184,11.74
8/22/2017 12:18,56.66,2273,109,238,14.45
8/22/2017 12:19,56.16,2745,90.45,200,15.12
8/22/2017 12:20,80,2479,80.48,204,14.67
8/22/2017 12:21,61.83,2566,87.41,191,15.52
8/22/2017 12:22,52.33,2439,96.59,255,14.43
8/22/2017 12:23,49.33,2692,119,228,15.38
8/22/2017 12:24,47.5,2381,83.61,173,13.1
8/22/2017 12:25,55.28,2328,86.99,195,12.56
8/22/2017 12:26,53.03,2121,105,205,12.42
8/22/2017 12:27,51.33,2292,110,259,13.62
8/22/2017 12:28,49.38,2256,110,254,12.51
8/22/2017 12:29,57.54,2125,97.84,227,11.82
8/22/2017 12:30,62.23,2229,99.77,238,12.92
8/22/2017 12:31,45.51,2760,88.82,297,16.34
8/22/2017 12:32,56.09,2774,109,299,16
8/22/2017 12:33,56.59,2414,83.03,214,14.07
8/22/2017 12:34,44.95,2427,125,241,13.93
8/22/2017 12:35,61.04,2290,108,235,12.84
8/22/2017 12:36,76.08,2531,98.74,268,14.75
8/22/2017 12:37,64.44,2683,119,303,15.05
8/22/2017 12:38,74.3,2556,112,255,14.5
8/22/2017 12:39,65.15,2431,107,267,14.48
8/22/2017 12:40,65.3,2362,106,231,13.07
8/22/2017 12:41,56.06,2593,117,236,14.28
8/22/2017 12:42,47.73,2445,95.25,238,14.03
8/22/2017 12:43,53.38,2410,106,246,14.09
8/22/2017 12:44,50.73,2160,101,202,12.61
8/22/2017 12:45,57.59,2156,112,227,12.96
8/22/2017 12:46,72.36,2343,104,209,13.49
8/22/2017 12:47,57,2361,96.1,229,13.61
8/22/2017 12:48,41.86,2183,85.4,201,12.09
8/22/2017 12:49,53.5,2055,108,226,11.26
8/22/2017 12:50,80.53,2114,90.96,218,12.21
8/22/2017 12:51,55.13,2106,92.63,228,12.03
8/22/2017 12:52,47.59,2413,107,230,13.52
8/22/2017 12:53,58.03,2288,126,244,13.06
8/22/2017 12:54,61.26,2166,111,203,12.48
8/22/2017 12:55,51.13,2366,91.25,209,13.32
8/22/2017 12:56,54.73,2655,103,223,14.78
8/22/2017 12:57,49.43,2260,116,176,12.11
8/22/2017 12:58,56.11,2347,97.5,216,12.93
8/22/2017 12:59,57.86,2053,110,249,12.09
8/22/2017 13:00,85.34,2028,120,215,11.41
8/22/2017 13:01,61.45,2150,104,249,12.67
8/22/2017 13:02,46.91,2398,94.15,277,14.08
8/22/2017 13:03,52.49,2528,104,223,14.14
8/22/2017 13:04,45.43,2409,114,225,13.64
8/22/2017 13:05,51.38,2236,97.13,217,13
8/22/2017 13:06,53.01,2317,121,293,13.02
8/22/2017 13:07,56.13,1996,111,234,11.11
8/22/2017 13:08,65.66,1984,113,316,11.81
8/22/2017 13:09,68.05,1857,82.68,254,11.78
8/22/2017 13:10,58.76,1582,113,232,9.17
8/22/2017 13:11,48.83,1568,122,272,9.57
8/22/2017 13:12,42.56,1550,97.25,270,9.6
8/22/2017 13:13,40.03,1393,100,229,9.01
8/22/2017 13:14,43.36,1838,91.17,256,11.15
8/22/2017 13:15,53.46,2032,87.29,292,11.82
8/22/2017 13:16,41.53,1674,86.14,221,9.63
8/22/2017 13:17,57.66,1742,83.32,212,9.67
8/22/2017 13:18,48.66,1631,65.84,203,9.69
8/22/2017 13:19,42.46,1670,87.28,197,9.82
8/22/2017 13:20,51.53,1876,97.03,219,10.85
8/22/2017 13:21,46.93,1987,86.82,202,11.05
8/22/2017 13:22,42.53,1611,76.75,220,9.89
8/22/2017 13:23,41.4,1573,77.26,250,9.85
8/22/2017 13:24,58.83,1817,99.47,257,11.25
8/22/2017 13:25,52.36,1437,103,223,9.08
8/22/2017 13:26,43.5,1432,96.07,200,9.28
8/22/2017 13:27,50.68,1504,105,234,10.06
8/22/2017 13:28,49.75,1340,112,230,8.83
8/22/2017 13:29,51.08,1638,101,207,9.78
8/22/2017 13:30,65.91,1483,70.09,188,10.14
8/22/2017 13:31,63.5,1805,100,217,10.93
8/22/2017 13:32,55.91,1821,92.09,244,10.71
8/22/2017 13:33,55.16,2203,99.87,317,13.87
8/22/2017 13:34,50,2018,112,245,11.85
8/22/2017 13:35,51,1800,74.06,211,11.29
8/22/2017 13:36,42.41,1876,108,232,11.09
8/22/2017 13:37,40.25,2506,88,245,14.27
8/22/2017 13:38,48.08,2592,102,289,14.97
8/22/2017 13:39,47.66,1620,85.95,219,10.34
8/22/2017 13:40,43.33,1579,85.45,217,9.86
8/22/2017 13:41,42.91,1487,76.48,222,9.6
8/22/2017 13:42,49.29,1853,68.06,159,9.94
8/22/2017 13:43,58.66,1822,84.65,228,10.6
8/22/2017 13:44,50.83,1673,68.73,195,9.91
8/22/2017 13:45,43.06,1977,76.92,231,11.63
8/22/2017 13:46,45.73,2160,81.5,223,12.28
8/22/2017 13:47,44.26,2636,69.73,228,14.86
8/22/2017 13:48,34.86,2199,63.77,200,12.32
8/22/2017 13:49,34.29,2474,67.93,173,13.84
8/22/2017 13:50,42.26,2115,58.42,161,12.27
8/22/2017 13:51,43.79,2039,74.27,174,11.8
8/22/2017 13:52,51.83,2052,65.64,202,11.78
8/22/2017 13:53,55.06,1974,81.81,202,11.5
8/22/2017 13:54,44.93,1899,106,223,11.28
8/22/2017 13:55,36.59,2099,76.59,215,11.94
8/22/2017 13:56,46.4,2122,87.01,214,11.18
8/22/2017 13:57,60.9,2635,115,190,14.76
8/22/2017 13:58,51.79,2140,89.59,186,12.11
8/22/2017 13:59,36.9,1630,88.6,187,9.71
8/22/2017 14:00,60.59,1700,130,230,10.53
8/22/2017 14:01,57.68,1833,101,253,10.68
8/22/2017 14:02,53.45,1835,101,265,11.46
8/22/2017 14:03,49.33,1858,117,254,11.56
8/22/2017 14:04,52.54,2047,106,228,11.63
8/22/2017 14:05,46.53,2507,97.28,261,14.26
8/22/2017 14:06,50.46,2198,105,242,12.62
8/22/2017 14:07,54.53,2150,110,295,12.51
8/22/2017 14:08,51.81,1699,106,243,10.62
8/22/2017 14:09,43.26,1323,105,238,9.17
8/22/2017 14:10,51.53,1552,81.53,167,9.08
8/22/2017 14:11,43.51,1856,78.64,181,10.19
8/22/2017 14:12,50.38,1931,94.33,213,10.98
8/22/2017 14:13,45.23,1653,91.07,204,9.94
8/22/2017 14:14,47.16,2204,85.76,200,12.33
8/22/2017 14:15,43.26,1945,98.38,211,11.36
8/22/2017 14:16,40.33,2049,87.81,159,10.94
8/22/2017 14:17,54.03,2225,97.19,278,12.69
8/22/2017 14:18,55.66,2688,78.92,271,16.39
8/22/2017 14:19,47.09,2263,78.25,216,12.62
8/22/2017 14:20,56.7,2317,77.98,217,13.16
8/22/2017 14:21,53.16,2507,77.45,237,13.88
8/22/2017 14:22,61.7,2484,87.9,257,14.4
8/22/2017 14:23,56.83,2505,92.76,220,13.48
8/22/2017 14:24,36.06,1876,94.59,257,11.4
8/22/2017 14:25,49.86,1737,102,225,10.1
8/22/2017 14:26,47.16,2325,91.67,196,13.52
8/22/2017 14:27,43.13,2507,88.06,245,14.16
8/22/2017 14:28,51.09,2751,105,266,15.44
8/22/2017 14:29,49.06,2105,83.61,192,11.91
8/22/2017 14:30,91.23,2311,87.78,200,12.96
8/22/2017 14:31,60.86,1787,85.74,176,10.55
8/22/2017 14:32,68.83,2462,96.94,246,13.84
8/22/2017 14:33,52.78,1831,97.45,174,11.23
8/22/2017 14:34,51.4,2032,92.54,160,11.13
8/22/2017 14:35,38.79,1997,74.59,204,12.16
8/22/2017 14:36,36.96,1805,75.7,182,10.67
8/22/2017 14:37,44.96,2181,93.81,187,11.96
8/22/2017 14:38,38.13,1579,92.54,197,9.36
8/22/2017 14:39,49.93,2275,84.62,269,13.84
8/22/2017 14:40,54.79,2071,83,186,11.54
8/22/2017 14:41,52.76,1953,92.98,139,10.32
8/22/2017 14:42,47.65,1747,102,184,9.8
8/22/2017 14:43,37.95,1603,96.35,184,9.61
8/22/2017 14:44,50.38,1919,97.76,201,10.46
8/22/2017 14:45,64.34,1998,92.96,195,10.96
8/22/2017 14:46,58.61,1973,103,211,10.97
8/22/2017 14:47,53.09,1904,84.65,183,10.37
8/22/2017 14:48,52,2304,94.93,181,12.62
8/22/2017 14:49,54.83,2376,86.55,185,13.07
8/22/2017 14:50,47.66,2041,85.43,183,11.85
8/22/2017 14:51,43.16,2019,82.23,169,12.06
8/22/2017 14:52,53.83,2072,87.34,190,11.6
8/22/2017 14:53,57.16,2034,62.6,166,11.48
8/22/2017 14:54,49.16,1882,73.29,181,10.88
8/22/2017 14:55,49.5,2069,71.59,195,11.76
8/22/2017 14:56,44,2254,87.15,153,12.22
8/22/2017 14:57,47.83,2024,96.84,181,12.14
8/22/2017 14:58,46.16,2108,85.22,177,11.5
8/22/2017 14:59,35.83,1937,94.3,166,11.18
8/22/2017 15:00,57.5,2063,129,240,12.26
8/22/2017 15:01,76.16,2063,79.25,241,12.35
8/22/2017 15:02,54.83,2289,92.46,209,13.41
8/22/2017 15:03,45.33,1839,104,214,10.73
8/22/2017 15:04,57.16,1837,98.2,211,11.3
8/22/2017 15:05,57.25,1775,86.11,182,10.47
8/22/2017 15:06,54.28,1712,91.01,211,10.68
8/22/2017 15:07,45.98,2191,85.6,242,12.78
8/22/2017 15:08,59.61,2285,90.18,187,11.92
8/22/2017 15:09,44.83,2087,87.85,182,12.23
8/22/2017 15:10,59.23,1693,95.14,246,10.25
8/22/2017 15:11,50.03,1413,81.99,178,8.97
8/22/2017 15:12,56.34,1638,103,226,9.58
8/22/2017 15:13,59.4,1909,88.09,217,10.42
8/22/2017 15:14,45.34,2223,73.61,209,12.54
8/22/2017 15:15,41.86,2203,72.44,218,12.55
8/22/2017 15:16,42.03,1528,90.15,172,9.41
8/22/2017 15:17,40.36,1679,94.58,232,10.4
8/22/2017 15:18,47.25,2410,92.68,204,13.95
8/22/2017 15:19,48.81,2249,73.65,210,12.66
8/22/2017 15:20,60.63,2170,94.58,229,13.07
8/22/2017 15:21,53.43,2522,91.19,227,14.85
8/22/2017 15:22,40.43,2622,79.18,206,14.41
8/22/2017 15:23,45.29,2590,78.52,230,15.21
8/22/2017 15:24,50.59,2460,99.98,260,14.35
8/22/2017 15:25,59.09,2188,110,296,13.71
8/22/2017 15:26,52.46,2420,85.87,261,14.26
8/22/2017 15:27,54.13,2750,109,209,15.8
8/22/2017 15:28,55.66,2607,112,216,14.42
8/22/2017 15:29,56.16,3125,94.61,249,17.32
8/22/2017 15:30,71.59,2881,109,256,16.82
8/22/2017 15:31,54.16,2478,96.87,279,14.36
8/22/2017 15:32,47.26,2097,105,229,11.44
8/22/2017 15:33,44.86,2215,86.69,186,12.43
8/22/2017 15:34,48.29,2122,102,209,12.28
8/22/2017 15:35,43.73,2359,98.43,234,12.7
8/22/2017 15:36,47.96,2163,114,241,12.37
8/22/2017 15:37,46.26,2444,72.64,182,13.54
8/22/2017 15:38,43.9,2357,81.75,279,13.54
8/22/2017 15:39,55.09,2218,119,213,12.45
8/22/2017 15:40,55.54,2124,111,253,12.44
8/22/2017 15:41,50.09,2371,81.31,255,13.63
8/22/2017 15:42,36.31,2157,96.69,185,12.26
8/22/2017 15:43,35.21,2213,101,211,11.56
8/22/2017 15:44,56.84,2584,111,233,14.85
8/22/2017 15:45,56.59,3232,115,250,17.94
8/22/2017 15:46,60.16,2320,102,211,13.31
8/22/2017 15:47,66.18,2133,85.28,196,11.66
8/22/2017 15:48,57.54,2252,107,213,13.54
8/22/2017 15:49,67.59,2170,108,209,11.77
8/22/2017 15:50,84.84,2172,102,230,12.22
8/22/2017 15:51,67.59,2399,114,199,13.3
8/22/2017 15:52,52.08,2154,108,210,11.68
8/22/2017 15:53,52.9,2072,104,233,12.78
8/22/2017 15:54,49.29,2204,83.7,198,13.2
8/22/2017 15:55,49.16,2174,119,236,13.14
8/22/2017 15:56,46.09,1599,111,227,9.61
8/22/2017 15:57,63.33,1567,91.89,182,9.27
8/22/2017 15:58,47.7,1762,110,194,10.47
8/22/2017 15:59,49.79,1959,115,276,11.42
8/22/2017 16:00,68.86,2021,101,224,12.01
8/22/2017 16:01,54.5,2107,96.36,235,12.12
8/22/2017 16:02,60.4,2401,108,252,15.36
8/22/2017 16:03,62.59,2464,117,270,14.2
8/22/2017 16:04,55.56,2610,98.06,263,14.75
8/22/2017 16:05,46.83,2341,105,223,12.91
8/22/2017 16:06,59.83,2493,106,261,13.45
8/22/2017 16:07,73.83,2037,122,256,11.9
8/22/2017 16:08,70.16,2075,117,262,11.93
8/22/2017 16:09,77.5,2446,124,288,14.83
8/22/2017 16:10,75.75,1854,103,264,11.99
8/22/2017 16:11,53.91,1631,104,247,10.37
8/22/2017 16:12,45.66,1680,128,226,10.24
8/22/2017 16:13,42.91,1597,116,233,9.85
8/22/2017 16:14,46.58,1454,126,244,9.19
8/22/2017 16:15,55.16,1503,109,201,9.76
8/22/2017 16:16,46.33,1501,95.69,273,9.56
8/22/2017 16:17,47.58,1868,86.15,240,10.22
8/22/2017 16:18,52.58,2090,102,228,12.81
8/22/2017 16:19,49.41,1999,111,223,11.67
8/22/2017 16:20,70.75,1630,112,277,10.3
8/22/2017 16:21,57.75,1812,109,299,12.31
8/22/2017 16:22,48.53,1797,89.05,250,10.98
8/22/2017 16:23,57.93,1832,95.56,229,10.99
8/22/2017 16:24,56.9,1903,100,243,11.95
8/22/2017 16:25,47.79,1881,101,246,11.53
8/22/2017 16:26,47.13,1698,102,252,10.36
8/22/2017 16:27,45.73,1791,93.08,271,11.42
8/22/2017 16:28,51.56,1879,112,243,11.92
8/22/2017 16:29,50.43,1700,97.68,231,10.43
8/22/2017 16:30,73.3,1748,114,253,10.86
8/22/2017 16:31,79.36,1711,133,278,10.98
8/22/2017 16:32,58.23,1650,108,276,10.58
8/22/2017 16:33,61.09,1881,116,274,11.64
8/22/2017 16:34,59.56,2235,135,291,14.08
8/22/2017 16:35,52.93,1729,117,251,11.74
8/22/2017 16:36,54.58,1979,125,204,11.79
8/22/2017 16:37,57.9,1894,119,235,11.26
8/22/2017 16:38,60.79,1825,130,276,11.32
8/22/2017 16:39,49.4,1647,117,196,10.27
8/22/2017 16:40,47.41,1678,118,226,10.16
8/22/2017 16:41,54.48,1570,111,219,9.82
8/22/2017 16:42,48.45,1712,95.29,224,10.99
8/22/2017 16:43,50.45,1575,127,284,10.75
8/22/2017 16:44,67.06,1364,121,251,8.8
8/22/2017 16:45,66.86,1288,129,283,9.61
8/22/2017 16:46,59.33,1436,95.7,237,9.5
8/22/2017 16:47,62.38,1680,98.38,293,12.33
8/22/2017 16:48,54.98,1644,117,278,11.31
8/22/2017 16:49,39.33,1413,109,210,9.26
8/22/2017 16:50,66.66,1501,101,246,10.1
8/22/2017 16:51,54.06,1292,87.56,209,9.3
8/22/2017 16:52,54.2,1383,91.46,275,10.47
8/22/2017 16:53,51.86,1446,109,213,9.9
8/22/2017 16:54,55.59,2100,118,291,13.82
8/22/2017 16:55,54.36,1948,94.72,299,13.02
8/22/2017 16:56,53.33,1784,120,335,12.36
8/22/2017 16:57,44.48,1687,93.5,258,11.57
8/22/2017 16:58,54.06,1726,121,298,11.42
8/22/2017 16:59,58.2,1859,108,257,12.22
8/22/2017 17:00,55.29,1692,110,268,11.75
8/22/2017 17:01,53.79,1636,116,244,10.49
8/22/2017 17:02,77.13,1933,116,224,11.36
8/22/2017 17:03,51.88,1621,90.91,201,10.95
8/22/2017 17:04,57.03,1798,102,224,11.67
8/22/2017 17:05,51.29,1939,108,198,11.81
8/22/2017 17:06,46.23,2257,103,223,14.29
8/22/2017 17:07,60.96,2117,104,194,13.54
8/22/2017 17:08,51.9,2271,110,213,14.35
8/22/2017 17:09,48.73,2358,121,232,15.09
8/22/2017 17:10,72.84,2123,110,229,13.57
8/22/2017 17:11,55.84,2144,120,231,13.99
8/22/2017 17:12,48.79,1899,115,281,12.97
8/22/2017 17:13,55.95,2112,136,255,12.69
8/22/2017 17:14,63.13,2612,111,289,16.69
8/22/2017 17:15,53.88,2372,131,213,14.04
8/22/2017 17:16,84.3,2421,107,244,15.01
8/22/2017 17:17,71.33,2029,123,265,13.22
8/22/2017 17:18,51.5,2267,133,238,14.2
8/22/2017 17:19,65.83,2415,95.78,198,15.97
8/22/2017 17:20,82.5,2192,113,211,14.17
8/22/2017 17:21,98.83,2540,92.29,205,16.07
8/22/2017 17:22,59,2527,132,235,15.39
8/22/2017 17:23,62.66,3109,144,283,19.45
8/22/2017 17:24,78.83,2242,111,275,14.21
8/22/2017 17:25,59,2214,128,215,14.01
8/22/2017 17:26,60.83,2370,138,267,13.98
8/22/2017 17:27,55.66,2201,109,240,14.61
8/22/2017 17:28,54.62,2619,120,325,16.82
8/22/2017 17:29,63.66,2391,124,251,15.09
8/22/2017 17:30,62.88,2556,137,305,15.18
8/22/2017 17:31,56.73,2357,133,287,14.6
8/22/2017 17:32,76.13,2513,122,278,15.48
8/22/2017 17:33,72.84,2362,109,290,15.97
8/22/2017 17:34,56.48,2086,122,298,12.39
8/22/2017 17:35,67.13,2580,113,274,16.45
8/22/2017 17:36,50.38,2566,120,315,16.82
8/22/2017 17:37,69.61,2620,125,309,15.79
8/22/2017 17:38,69.69,2255,127,228,13.59
8/22/2017 17:39,53.84,2144,117,286,14.59
8/22/2017 17:40,74.34,1704,130,273,10.13
8/22/2017 17:41,69.48,2026,131,301,13.62
8/22/2017 17:42,85.06,2030,125,295,12.8
8/22/2017 17:43,78.83,1669,141,314,11.31
8/22/2017 17:44,68.19,1556,122,235,9.43
8/22/2017 17:45,103,2079,113,226,12.65
8/22/2017 17:46,83.59,2498,125,225,14.78
8/22/2017 17:47,67.23,2337,118,248,14.8
8/22/2017 17:48,56.03,2558,112,301,17.45
8/22/2017 17:49,57.26,2502,146,296,15.91
8/22/2017 17:50,51.93,2125,102,224,14.05
8/22/2017 17:51,72.45,2540,147,290,16.26
8/22/2017 17:52,63.86,2449,137,325,17.32
8/22/2017 17:53,47.7,2283,95.9,281,13.77
8/22/2017 17:54,63.76,2298,122,283,14.68
8/22/2017 17:55,75.23,2556,142,289,15.8
8/22/2017 17:56,59.43,2191,111,255,13.98
8/22/2017 17:57,42.2,2234,110,289,14.94
8/22/2017 17:58,52.21,1964,152,322,13.33
8/22/2017 17:59,43.81,1719,109,210,11.04
8/22/2017 18:00,57.33,2046,118,279,13.22
8/22/2017 18:01,52.76,2438,119,285,15.8
8/22/2017 18:02,54.45,2420,108,240,15.78
8/22/2017 18:03,57.29,2335,107,235,14.16
8/22/2017 18:04,58.71,2313,124,274,14.12
8/22/2017 18:05,58.86,2493,102,225,14.56
8/22/2017 18:06,55.45,2522,129,299,15.45
8/22/2017 18:07,63.98,2272,117,257,14.3
8/22/2017 18:08,61.78,2413,115,267,14.89
8/22/2017 18:09,59.29,2196,139,318,13.65
8/22/2017 18:10,74.16,2105,99.54,269,13.82
8/22/2017 18:11,64.41,2619,117,310,15.81
8/22/2017 18:12,67.81,2185,125,308,13.6
8/22/2017 18:13,62.18,2436,131,331,16.59
8/22/2017 18:14,62.16,1995,130,290,12.35
8/22/2017 18:15,47.93,2049,116,231,12.81
8/22/2017 18:16,46.26,2175,106,199,12.87
8/22/2017 18:17,42.96,2152,90.63,254,13.06
8/22/2017 18:18,55.59,1781,135,316,10.9
8/22/2017 18:19,56.53,2014,131,299,11.96
8/22/2017 18:20,64,2123,110,305,12.87
8/22/2017 18:21,68.13,2350,113,350,14.75
8/22/2017 18:22,58.03,2245,127,251,12.6
8/22/2017 18:23,54.76,2662,124,327,16.51
8/22/2017 18:24,56.09,2301,137,285,14.45
8/22/2017 18:25,67.5,2252,123,281,13.2
8/22/2017 18:26,76.8,2247,126,330,12.83
8/22/2017 18:27,60.59,1750,138,304,10.28
8/22/2017 18:28,62.93,1730,141,267,9.8
8/22/2017 18:29,61.63,2130,147,325,12.27
8/22/2017 18:30,85.55,2185,144,297,13.24
8/22/2017 18:31,58.08,1968,124,341,11.29
8/22/2017 18:32,56.83,1974,149,346,12.49
8/22/2017 18:33,79.75,2302,182,372,14.6
8/22/2017 18:34,82.83,2105,116,350,13.03
8/22/2017 18:35,59,1856,143,258,11.08
8/22/2017 18:36,55.33,1842,100,254,11.03
8/22/2017 18:37,68.58,1600,122,227,9.24
8/22/2017 18:38,60.58,1742,144,231,10.54
8/22/2017 18:39,76.5,1986,104,250,12.83
8/22/2017 18:40,72.58,2004,111,248,11.92
8/22/2017 18:41,55.91,2146,119,260,11.54
8/22/2017 18:42,64.33,2307,116,261,13.65
8/22/2017 18:43,69.83,2359,118,242,12.48
8/22/2017 18:44,66.38,2411,126,269,13.91
8/22/2017 18:45,54.09,2276,94.77,256,12.71
8/22/2017 18:46,66.56,1877,114,248,10.45
8/22/2017 18:47,65.19,2205,132,316,13.46
8/22/2017 18:48,76.19,2154,130,291,12.53
8/22/2017 18:49,57.76,2291,123,331,13.32
8/22/2017 18:50,74,2183,127,333,12.62
8/22/2017 18:51,63.23,2339,129,302,14.29
8/22/2017 18:52,73.8,2538,151,384,15.78
8/22/2017 18:53,64.13,2226,137,292,13.42
8/22/2017 18:54,55.79,2181,161,322,13.38
8/22/2017 18:55,60.03,2451,136,385,14.75
8/22/2017 18:56,63.66,2086,128,299,12.73
8/22/2017 18:57,56.79,2149,129,451,14.96
8/22/2017 18:58,57.66,2172,145,349,13.12
8/22/2017 18:59,56.96,2790,183,425,17.29
8/22/2017 19:00,80,2416,131,416,15.32
8/22/2017 19:01,64.61,2277,132,428,14.39
8/22/2017 19:02,53.46,1905,158,339,13.16
8/22/2017 19:03,59.36,2406,107,324,14.78
8/22/2017 19:04,51.23,2379,139,309,14.42
8/22/2017 19:05,61.58,2938,137,295,17.39
8/22/2017 19:06,57.66,2702,121,304,17.13
8/22/2017 19:07,54.43,2477,100,318,14.66
8/22/2017 19:08,58.16,2610,115,422,16.44
8/22/2017 19:09,57.84,2765,147,353,16.87
8/22/2017 19:10,64.08,2189,120,264,12.96
8/22/2017 19:11,55.45,2428,128,280,13.83
8/22/2017 19:12,60.98,2499,129,326,15.12
8/22/2017 19:13,57.09,2195,120,250,12.02
8/22/2017 19:14,64.48,2089,122,287,12.36
8/22/2017 19:15,59.03,1703,138,277,10.96
8/22/2017 19:16,62.5,2044,133,319,11.88
8/22/2017 19:17,70.36,1987,115,307,11.16
8/22/2017 19:18,84.83,2332,141,378,14.43
8/22/2017 19:19,65.36,1837,134,298,11.23
8/22/2017 19:20,92.69,1951,126,307,11.88
8/22/2017 19:21,76.03,1704,142,328,10.54
8/22/2017 19:22,66.26,1784,115,311,9.98
8/22/2017 19:23,71.06,1967,136,322,11.98
8/22/2017 19:24,70.13,1969,140,314,11.74
8/22/2017 19:25,65.13,2008,148,312,11.51
8/22/2017 19:26,57.7,2159,141,381,12.52
8/22/2017 19:27,60.33,2079,137,375,12.8
8/22/2017 19:28,63.96,1719,113,288,10.28
8/22/2017 19:29,57.04,1620,132,293,10.24
8/22/2017 19:30,87.01,2063,144,333,11.82
8/22/2017 19:31,83.75,2367,143,300,13.77
8/22/2017 19:32,73,2311,147,294,14.05
8/22/2017 19:33,81.86,2684,136,284,16.09
8/22/2017 19:34,81.65,2508,157,302,14.97
8/22/2017 19:35,70.01,2302,136,274,13.79
8/22/2017 19:36,66.75,2083,142,267,11.59
8/22/2017 19:37,69.61,2149,145,300,11.74
8/22/2017 19:38,65.43,2018,144,310,11.8
8/22/2017 19:39,68.31,1848,124,214,10.03
8/22/2017 19:40,77.68,1601,120,283,9.61
8/22/2017 19:41,61.9,1959,151,335,12.54
8/22/2017 19:42,66.05,2011,124,315,11.29
8/22/2017 19:43,75.08,2158,155,319,11.97
8/22/2017 19:44,57.5,1980,128,284,11.12
8/22/2017 19:45,69.83,2128,135,358,13.68
8/22/2017 19:46,63.83,2191,141,295,12.93
8/22/2017 19:47,69.66,2275,148,310,13.92
8/22/2017 19:48,77.83,2390,142,305,14.75
8/22/2017 19:49,61.66,2285,129,307,13.78
8/22/2017 19:50,93.5,2419,127,342,14.81
8/22/2017 19:51,74.33,2320,143,367,14.24
8/22/2017 19:52,56.5,2221,142,334,13.15
8/22/2017 19:53,67,2405,144,289,13.97
8/22/2017 19:54,47.16,1757,143,249,9.51
8/22/2017 19:55,77.33,2437,132,281,13.09
8/22/2017 19:56,72.83,2233,126,251,13.02
8/22/2017 19:57,57.57,2365,113,261,13.48
8/22/2017 19:58,55.16,2324,132,351,13.84
8/22/2017 19:59,65.83,2720,145,311,15.69
8/22/2017 20:00,99.83,2103,150,286,11.8
8/22/2017 20:01,72.78,2330,124,306,13.1
8/22/2017 20:02,49.98,2176,153,283,12.33
8/22/2017 20:03,70.05,2220,109,289,12.73
8/22/2017 20:04,65.5,2870,188,297,15.8
8/22/2017 20:05,57.5,3081,159,273,15.23
8/22/2017 20:06,67.86,2967,167,334,16.68
8/22/2017 20:07,65.66,2612,150,289,13.42
8/22/2017 20:08,93.55,3786,203,300,22.71
8/22/2017 20:09,78.25,3567,227,326,22.52
8/22/2017 20:10,119,2449,175,349,15.46
8/22/2017 20:11,94.5,3487,178,312,21.29
8/22/2017 20:12,74.8,4897,158,397,31.93
8/22/2017 20:13,77.38,4884,153,374,29.86
8/22/2017 20:14,86.73,4636,132,326,29.03
8/22/2017 20:15,0,0,0,0,0
8/22/2017 20:16,0,0,0,0,0
8/22/2017 20:17,0,0,0,0,0
8/22/2017 20:18,0,0,0,0,0
8/22/2017 20:19,0,0,0,0,0
8/22/2017 20:20,0,0,0,0,0
8/22/2017 20:21,0,0,0,0,0
8/22/2017 20:22,0,0,0,0,0
8/22/2017 20:23,0,0,0,0,0
8/22/2017 20:24,0,0,0,0,0
8/22/2017 20:25,0,0,0,0,0
8/22/2017 20:26,0,0,0,0,0
8/22/2017 20:27,0,0,0,0,0
8/22/2017 20:28,0,0,0,0,0
8/22/2017 20:29,0,0,0,0,0
8/22/2017 20:30,0,0,0,0,0
8/22/2017 20:31,0,0,0,0,0
8/22/2017 20:32,0,0,0,0,0
8/22/2017 20:33,0,0,0,0,0
8/22/2017 20:34,0,0,0,0,0
8/22/2017 20:35,0,0,0,0,0
8/22/2017 20:36,0,0,0,0,0
8/22/2017 20:37,0,0,0,0,0
8/22/2017 20:38,0,0,0,0,0
8/22/2017 20:39,0,0,0,0,0
8/22/2017 20:40,0,0,0,0,0
8/22/2017 20:41,0,0,0,0,0
8/22/2017 20:42,0,0,0,0,0
8/22/2017 20:43,0,0,0,0,0
8/22/2017 20:44,0,0,0,0,0
8/22/2017 20:45,0,0,0,0,0
8/22/2017 20:46,0,0,0,0,0
8/22/2017 20:47,0,0,0,0,0
8/22/2017 20:48,0,0,0,0,0
8/22/2017 20:49,0,0,0,0,0
8/22/2017 20:50,0,0,0,0,0
8/22/2017 20:51,0,0,0,0,0
8/22/2017 20:52,0,0,0,0,0
8/22/2017 20:53,0,0,0,0,0
8/22/2017 20:54,0,0,0,0,0
8/22/2017 20:55,0,0,0,0,0
8/22/2017 20:56,0,0,0,0,0
8/22/2017 20:57,0,0,0,0,0
8/22/2017 20:58,0,0,0,0,0
8/22/2017 20:59,0,0,0,0,0
8/22/2017 21:00,0,0,0,0,0
8/22/2017 21:01,0,0,0,0,0
8/22/2017 21:02,0,0,0,0,0
8/22/2017 21:03,0,0,0,0,0
8/22/2017 21:04,0,0,0,0,0
8/22/2017 21:05,0,0,0,0,0
8/22/2017 21:06,0,0,0,0,0
8/22/2017 21:07,0,0,0,0,0
8/22/2017 21:08,0,0,0,0,0
8/22/2017 21:09,0,0,0,0,0
8/22/2017 21:10,0,0,0,0,0
8/22/2017 21:11,0,0,0,0,0
8/22/2017 21:12,0,0,0,0,0
8/22/2017 21:13,0,0,0,0,0
8/22/2017 21:14,0,0,0,0,0
8/22/2017 21:15,0,0,0,0,0
8/22/2017 21:16,0,0,0,0,0
8/22/2017 21:17,0,0,0,0,0
8/22/2017 21:18,0,0,0,0,0
8/22/2017 21:19,0,0,0,0,0
8/22/2017 21:20,0,0,0,0,0
8/22/2017 21:21,0,0,0,0,0
8/22/2017 21:22,0,0,0,0,0
8/22/2017 21:23,0,0,0,0,0
8/22/2017 21:24,0,0,0,0,0
8/22/2017 21:25,0,0,0,0,0
8/22/2017 21:26,0,0,0,0,0
8/22/2017 21:27,0,0,0,0,0
8/22/2017 21:28,0,0,0,0,0
8/22/2017 21:29,0,0,0,0,0
8/22/2017 21:30,0,0,0,0,0
8/22/2017 21:31,0,0,0,0,0
8/22/2017 21:32,0,0,0,0,0
8/22/2017 21:33,0,0,0,0,0
8/22/2017 21:34,0,0,0,0,0
8/22/2017 21:35,0,0,0,0,0
8/22/2017 21:36,0,0,0,0,0
8/22/2017 21:37,0,0,0,0,0
8/22/2017 21:38,0,0,0,0,0
8/22/2017 21:39,0,0,0,0,0
8/22/2017 21:40,0,0,0,0,0
8/22/2017 21:41,0,0,0,0,0
8/22/2017 21:42,0,0,0,0,0
8/22/2017 21:43,0,0,0,0,0
8/22/2017 21:44,0,0,0,0,0
8/22/2017 21:45,0,0,0,0,0
8/22/2017 21:46,0,0,0,0,0
8/22/2017 21:47,0,0,0,0,0
8/22/2017 21:48,0,0,0,0,0
8/22/2017 21:49,0,0,0,0,0
8/22/2017 21:50,0,0,0,0,0
8/22/2017 21:51,0,0,0,0,0
8/22/2017 21:52,0,0,0,0,0
8/22/2017 21:53,0,0,0,0,0
8/22/2017 21:54,0,0,0,0,0
8/22/2017 21:55,0,0,0,0,0
8/22/2017 21:56,0,0,0,0,0
8/22/2017 21:57,0,0,0,0,0
8/22/2017 21:58,0,0,0,0,0
8/22/2017 21:59,0,0,0,0,0
8/22/2017 22:00,0,0,0,0,0
8/22/2017 22:01,0,0,0,0,0
8/22/2017 22:02,0,0,0,0,0
8/22/2017 22:03,0,0,0,0,0
8/22/2017 22:04,0,0,0,0,0
8/22/2017 22:05,0,0,0,0,0
8/22/2017 22:06,0,0,0,0,0
8/22/2017 22:07,0,0,0,0,0
8/22/2017 22:08,0,0,0,0,0
8/22/2017 22:09,0,0,0,0,0
8/22/2017 22:10,0,0,0,0,0
8/22/2017 22:11,0,0,0,0,0
8/22/2017 22:12,0,0,0,0,0
8/22/2017 22:13,0,0,0,0,0
8/22/2017 22:14,0,0,0,0,0
8/22/2017 22:15,0,0,0,0,0
8/22/2017 22:16,0,0,0,0,0
8/22/2017 22:17,0,0,0,0,0
8/22/2017 22:18,0,0,0,0,0
8/22/2017 22:19,0,0,0,0,0
8/22/2017 22:20,0,0,0,0,0
8/22/2017 22:21,0,0,0,0,0
8/22/2017 22:22,0,0,0,0,0
8/22/2017 22:23,0,0,0,0,0
8/22/2017 22:24,0,0,0,0,0
8/22/2017 22:25,0,0,0,0,0
8/22/2017 22:26,0,0,0,0,0
8/22/2017 22:27,0,0,0,0,0
8/22/2017 22:28,0,0,0,0,0
8/22/2017 22:29,0,0,0,0,0
8/22/2017 22:30,0,0,0,0,0
8/22/2017 22:31,0,0,0,0,0
8/22/2017 22:32,0,0,0,0,0
8/22/2017 22:33,0,0,0,0,0
8/22/2017 22:34,0,0,0,0,0
8/22/2017 22:35,0,0,0,0,0
8/22/2017 22:36,0,0,0,0,0
8/22/2017 22:37,0,0,0,0,0
8/22/2017 22:38,0,0,0,0,0
8/22/2017 22:39,0,0,0,0,0
8/22/2017 22:40,0,0,0,0,0
8/22/2017 22:41,0,0,0,0,0
8/22/2017 22:42,0,0,0,0,0
8/22/2017 22:43,0,0,0,0,0
8/22/2017 22:44,0,0,0,0,0
8/22/2017 22:45,0,0,0,0,0
8/22/2017 22:46,0,0,0,0,0
8/22/2017 22:47,0,0,0,0,0
8/22/2017 22:48,0,0,0,0,0
8/22/2017 22:49,0,0,0,0,0
8/22/2017 22:50,0,0,0,0,0
8/22/2017 22:51,0,0,0,0,0
8/22/2017 22:52,0,0,0,0,0
8/22/2017 22:53,0,0,0,0,0
8/22/2017 22:54,0,0,0,0,0
8/22/2017 22:55,0,0,0,0,0
8/22/2017 22:56,0,0,0,0,0
8/22/2017 22:57,0,0,0,0,0
8/22/2017 22:58,0,0,0,0,0
8/22/2017 22:59,0,0,0,0,0
8/22/2017 23:00,0,0,0,0,0
8/22/2017 23:01,0,0,0,0,0
8/22/2017 23:02,0,0,0,0,0
8/22/2017 23:03,0,0,0,0,0
8/22/2017 23:04,0,0,0,0,0
8/22/2017 23:05,0,0,0,0,0
8/22/2017 23:06,0,0,0,0,0
8/22/2017 23:07,0,0,0,0,0
8/22/2017 23:08,0,0,0,0,0
8/22/2017 23:09,0,0,0,0,0
8/22/2017 23:10,0,0,0,0,0
8/22/2017 23:11,0,0,0,0,0
8/22/2017 23:12,0,0,0,0,0
8/22/2017 23:13,0,0,0,0,0
8/22/2017 23:14,0,0,0,0,0
8/22/2017 23:15,0,0,0,0,0
8/22/2017 23:16,0,0,0,0,0
8/22/2017 23:17,0,0,0,0,0
8/22/2017 23:18,0,0,0,0,0
8/22/2017 23:19,0,0,0,0,0
8/22/2017 23:20,0,0,0,0,0
8/22/2017 23:21,0,0,0,0,0
8/22/2017 23:22,0,0,0,0,0
8/22/2017 23:23,0,0,0,0,0
8/22/2017 23:24,0,0,0,0,0
8/22/2017 23:25,0,0,0,0,0
8/22/2017 23:26,0,0,0,0,0
8/22/2017 23:27,0,0,0,0,0
8/22/2017 23:28,0,0,0,0,0
8/22/2017 23:29,0,0,0,0,0
8/22/2017 23:30,0,0,0,0,0
8/22/2017 23:31,0,0,0,0,0
8/22/2017 23:32,0,0,0,0,0
8/22/2017 23:33,0,0,0,0,0
8/22/2017 23:34,0,0,0,0,0
8/22/2017 23:35,0,0,0,0,0
8/22/2017 23:36,0,0,0,0,0
8/22/2017 23:37,0,0,0,0,0
8/22/2017 23:38,0,0,0,0,0
8/22/2017 23:39,0,0,0,0,0
8/22/2017 23:40,0,0,0,0,0
8/22/2017 23:41,0,0,0,0,0
8/22/2017 23:42,0,0,0,0,0
8/22/2017 23:43,0,0,0,0,0
8/22/2017 23:44,0,0,0,0,0
8/22/2017 23:45,0,0,0,0,0
8/22/2017 23:46,0,0,0,0,0
8/22/2017 23:47,0,0,0,0,0
8/22/2017 23:48,0,0,0,0,0
8/22/2017 23:49,0,0,0,0,0
8/22/2017 23:50,0,0,0,0,0
8/22/2017 23:51,0,0,0,0,0
8/22/2017 23:52,0,0,0,0,0
8/22/2017 23:53,0,0,0,0,0
8/22/2017 23:54,0,0,0,0,0
8/22/2017 23:55,0,0,0,0,0
8/22/2017 23:56,0,0,0,0,0
8/22/2017 23:57,0,0,0,0,0
8/22/2017 23:58,0,0,0,0,0
8/22/2017 23:59,0,0,0,0,0
